experiment,label,snapshot,reward_mean,reward_std,rate_mean,rate_std,seed_count,reward_lower,reward_upper,rate_lower,rate_upper
b16384,Batch 16384,0,3.4015625,0.22199600573546363,199761.7485727307,4511.311273370409,5,3.1795664942645363,3.6235585057354633,195250.4372993603,204273.0598461011
b16384,Batch 16384,1,4.1359375,0.1360003446686809,380123.427918733,2039.7455161602902,5,3.999937155331319,4.271937844668681,378083.6824025727,382163.17343489325
b16384,Batch 16384,2,4.175,0.15425286160230545,776062.6582615614,4105.508012242182,5,4.020747138397694,4.329252861602305,771957.1502493193,780168.1662738036
b16384,Batch 16384,3,4.271875,0.09457966219013472,762052.5948528852,4541.366084932014,5,4.1772953378098645,4.366454662190135,757511.2287679532,766593.9609378172
b16384,Batch 16384,4,4.0015625,0.3459940954156588,743818.961802192,3718.808927738171,5,3.6555684045843417,4.347556595415659,740100.1528744538,747537.7707299303
b16384,Batch 16384,5,3.759375,0.1578357037396799,750418.7107773004,2482.4799705402384,5,3.60153929626032,3.9172107037396797,747936.2308067601,752901.1907478407
b16384,Batch 16384,6,3.85625,0.40665844851668825,745337.2990714848,1548.9378062704538,5,3.4495915514833118,4.262908448516688,743788.3612652144,746886.2368777553
b16384,Batch 16384,7,3.7921875,0.5141693467987954,740681.2188350603,2265.473416447413,5,3.2780181532012045,4.306356846798796,738415.7454186128,742946.6922515077
b16384,Batch 16384,8,3.2484375,0.5224547677789916,728669.1802838993,2753.2766306746153,5,2.7259827322210084,3.770892267778992,725915.9036532247,731422.4569145739
b16384,Batch 16384,9,2.9453125,0.17237144213152014,740338.5754984135,1939.054092523386,5,2.7729410578684797,3.1176839421315203,738399.5214058901,742277.6295909369
b16384,Batch 16384,10,2.3734375,0.2932509057957025,740054.6800914595,1092.599354722929,5,2.0801865942042976,2.6666884057957025,738962.0807367367,741147.2794461824
b16384,Batch 16384,11,1.965625,0.3232374079140593,737825.771644518,839.321633324868,5,1.6423875920859405,2.2888624079140594,736986.4500111932,738665.0932778429
b16384,Batch 16384,12,1.5609375,0.21692317548500897,727254.9809283655,1254.1018977078095,5,1.3440143245149911,1.777860675485009,726000.8790306577,728509.0828260733
b16384,Batch 16384,13,1.3734375,0.20392869847694317,741039.8035108288,2098.7135325037957,5,1.1695088015230568,1.5773661984769434,738941.089978325,743138.5170433326
b16384,Batch 16384,14,2.2203125,0.4965555183587229,741242.0935617031,2401.8194839234393,5,1.723756981641277,2.716868018358723,738840.2740777796,743643.9130456266
b16384,Batch 16384,15,3.6609375,0.854868867868049,739395.7528205432,2500.6975344472407,5,2.806068632131951,4.515806367868049,736895.0552860961,741896.4503549904
b16384,Batch 16384,16,3.7640625,0.4391820344401624,729282.2023964479,1898.2059576478832,5,3.3248804655598376,4.203244534440162,727383.9964388,731180.4083540958
b16384,Batch 16384,17,3.5671875,0.5891391694137302,740833.183796588,1940.0939342400782,5,2.9780483305862697,4.156326669413731,738893.0898623479,742773.277730828
b16384,Batch 16384,18,4.25,0.9764437427791219,740544.3580063821,996.7135506897989,5,3.273556257220878,5.2264437427791215,739547.6444556924,741541.0715570719
b16384,Batch 16384,19,4.25,0.6910950040967595,738693.6855521265,1409.2161520361276,5,3.5589049959032404,4.941095004096759,737284.4694000904,740102.9017041626
b16384,Batch 16384,20,4.4046875,0.6486803009283542,727488.2099817261,1433.1333327491661,5,3.7560071990716457,5.053367800928354,726055.076648977,728921.3433144753
b16384,Batch 16384,21,4.4859375,0.8987350050904882,740752.6004967116,508.9999166785638,5,3.587202494909512,5.384672505090489,740243.600580033,741261.6004133901
b16384,Batch 16384,22,4.8734375,0.6415656204259234,739934.2197337591,756.3441316717877,5,4.231871879574077,5.515003120425923,739177.8756020872,740690.5638654309
b16384,Batch 16384,23,5.8328125,0.9875519171479037,735002.0024682933,1455.5534561373725,5,4.845260582852097,6.820364417147903,733546.4490121559,736457.5559244307
b16384,Batch 16384,24,5.4171875,1.1124583032916335,726697.8438468521,1339.1795686482121,5,4.304729196708366,6.529645803291634,725358.6642782039,728037.0234155003
b16384,Batch 16384,25,7.109375,1.9513366812905455,740338.2332227817,680.9439951687174,5,5.158038318709455,9.060711681290545,739657.289227613,741019.1772179503
b16384,Batch 16384,26,8.7046875,2.0789906561688776,739853.6946746776,1469.4257608389287,5,6.625696843831123,10.783678156168879,738384.2689138387,741323.1204355165
b16384,Batch 16384,27,9.859375,2.037688114398889,738354.6642589172,1090.5468480584652,5,7.82168688560111,11.89706311439889,737264.1174108587,739445.2111069757
b16384,Batch 16384,28,9.671875,2.4224243328610906,727889.9036316406,717.9858067215877,5,7.249450667138909,12.094299332861091,727171.917824919,728607.8894383622
b16384,Batch 16384,29,8.35,1.673293790514684,740522.7251481849,1319.0723019567795,5,6.676706209485316,10.023293790514684,739203.6528462281,741841.7974501417
b16384,Batch 16384,30,9.021875,2.708873944441675,740448.8176192662,1603.2807934487682,5,6.313001055558324,11.730748944441675,738845.5368258174,742052.098412715
b16384,Batch 16384,31,9.8,2.8073242306398276,740177.403745834,2843.382093207747,5,6.992675769360173,12.60732423063983,737334.0216526262,743020.7858390418
b16384,Batch 16384,32,10.959375,2.0796716518930336,729250.4093073095,3136.010014581964,5,8.879703348106966,13.039046651893033,726114.3992927276,732386.4193218915
b16384,Batch 16384,33,12.653125,2.6341247656954296,742015.6955046776,3908.8843612167825,5,10.01900023430457,15.287249765695428,738106.8111434608,745924.5798658944
b16384,Batch 16384,34,13.8203125,4.282270635641213,741456.3538968895,3135.3204187670626,5,9.538041864358787,18.10258313564121,738321.0334781224,744591.6743156565
b16384,Batch 16384,35,14.6140625,5.198495500503006,740162.3269536077,2707.8303769143645,5,9.415566999496994,19.812558000503003,737454.4965766934,742870.1573305221
b16384,Batch 16384,36,16.9234375,3.785694056865597,727555.7168508669,982.508628778554,5,13.1377434431344,20.709131556865596,726573.2082220884,728538.2254796454
b16384,Batch 16384,37,18.16875,2.9045341036687793,739541.3825514928,647.8944513545321,5,15.26421589633122,21.07328410366878,738893.4881001383,740189.2770028473
b16384,Batch 16384,38,19.225,2.371272774337128,739987.7713349499,1026.0270133421486,5,16.853727225662873,21.59627277433713,738961.7443216078,741013.798348292
b16384,Batch 16384,39,19.946875,1.852135328057186,738934.1662295318,1506.2469058126128,5,18.09473967194281,21.799010328057186,737427.9193237191,740440.4131353444
b16384,Batch 16384,40,21.05,0.9876013595132906,728457.416052163,325.30191022515737,5,20.06239864048671,22.037601359513292,728132.1141419378,728782.7179623882
b16384,Batch 16384,41,21.584375,1.6170886141264802,740841.1043087051,1012.7798599226792,5,19.96728638587352,23.20146361412648,739828.3244487824,741853.8841686278
b16384,Batch 16384,42,21.96875,1.8727264862193571,741902.4063203328,2286.3558290123547,5,20.096023513780644,23.841476486219356,739616.0504913204,744188.7621493451
b16384,Batch 16384,43,22.6515625,1.8423498391151174,739261.1334396601,3719.1532415899096,5,20.80921266088488,24.49391233911512,735541.9801980702,742980.28668125
b16384,Batch 16384,44,22.8625,2.2470770945274663,728887.1626144398,3423.0034615897944,5,20.615422905472535,25.109577094527467,725464.15915285,732310.1660760297
b16384,Batch 16384,45,23.4453125,2.159361432663601,740833.9645922713,2940.182861113245,5,21.2859510673364,25.6046739326636,737893.781731158,743774.1474533845
b16384,Batch 16384,46,23.5515625,2.5699567572967057,741639.1015545588,3588.30389581414,5,20.981605742703294,26.121519257296704,738050.7976587447,745227.405450373
b16384,Batch 16384,47,23.4203125,2.909576389377842,739473.8217111231,1188.6634031521187,5,20.510736110622158,26.329888889377845,738285.158307971,740662.4851142752
b16384,Batch 16384,48,23.0390625,2.395129538837618,728276.3363230124,841.804536914219,5,20.64393296116238,25.43419203883762,727434.5317860981,729118.1408599266
b16384,Batch 16384,49,23.540625,2.411922089136069,741208.8633808016,1223.2666883103523,5,21.12870291086393,25.95254708913607,739985.5966924913,742432.1300691119
b16384,Batch 16384,50,24.7296875,2.5226203204703634,740696.8395829473,1348.0300700627383,5,22.207067179529638,27.252307820470364,739348.8095128846,742044.86965301
b16384,Batch 16384,51,24.71875,2.4991355927475203,739995.9124455814,4049.2966692766986,5,22.21961440725248,27.21788559274752,735946.6157763047,744045.2091148581
b16384,Batch 16384,52,24.96875,2.9026397266647646,729618.8282028292,3672.9925167666247,5,22.066110273335234,27.871389726664766,725945.8356860626,733291.8207195959
b16384,Batch 16384,53,24.6140625,3.5921722079926792,741801.476615804,3865.0882746483976,5,21.02189029200732,28.206234707992678,737936.3883411556,745666.5648904524
b16384,Batch 16384,54,24.1734375,3.137177056337831,742582.9774316342,3271.3303910987424,5,21.03626044366217,27.31061455633783,739311.6470405355,745854.307822733
b16384,Batch 16384,55,23.8109375,2.384814220686278,740632.3220409772,3514.2376451952778,5,21.426123279313725,26.195751720686278,737118.0843957819,744146.5596861725
b16384,Batch 16384,56,24.26875,2.8547717386312166,728516.8888313596,2772.3480814660447,5,21.413978261368783,27.12352173863122,725744.5407498935,731289.2369128256
b16384,Batch 16384,57,24.85,3.5022049416224914,743253.9619698646,2178.615881263122,5,21.34779505837751,28.352204941622492,741075.3460886014,745432.5778511277
b16384,Batch 16384,58,24.9390625,2.503949029470748,742642.2880419258,2577.9916904759143,5,22.435113470529252,27.443011529470745,740064.2963514498,745220.2797324017
b16384,Batch 16384,59,24.8296875,1.8923958648694517,739150.0052648244,1845.645005095669,5,22.937291635130546,26.72208336486945,737304.3602597287,740995.65026992
b16384,Batch 16384,60,24.615625,2.208146980148174,728815.5864556797,1533.9633192870488,5,22.407478019851826,26.823771980148177,727281.6231363927,730349.5497749668
b16384,Batch 16384,61,25.7203125,2.073363906945667,740912.1487754593,571.7849233192057,5,23.646948593054333,27.793676406945664,740340.36385214,741483.9336987785
b16384,Batch 16384,62,26.4015625,2.106152631280554,740771.2186205732,1253.7612276245811,5,24.295409868719446,28.507715131280555,739517.4573929486,742024.9798481978
b16384,Batch 16384,63,26.26875,2.7644533181874316,738852.4152410526,948.5190837020608,5,23.50429668181257,29.033203318187432,737903.8961573506,739800.9343247546
b16384,Batch 16384,64,26.23125,2.8053581196858803,728812.6218290733,2292.4019191206676,5,23.42589188031412,29.03660811968588,726520.2199099526,731105.023748194
b16384,Batch 16384,65,26.821875,2.670067005245374,742253.912185093,1964.204529666205,5,24.151807994754623,29.491942005245374,740289.7076554268,744218.1167147593
b16384,Batch 16384,66,26.3625,2.1566043639973698,742717.9294829627,1958.621974417985,5,24.20589563600263,28.51910436399737,740759.3075085448,744676.5514573806
b16384,Batch 16384,67,27.86875,1.876805120660507,739996.7471842659,2347.5018354840577,5,25.991944879339492,29.745555120660505,737649.2453487818,742344.2490197499
b16384,Batch 16384,68,28.7671875,1.5033767330787382,727987.7173812797,2492.4293929405762,5,27.26381076692126,30.270564233078737,725495.2879883391,730480.1467742203
b16384,Batch 16384,69,28.440625,2.466957418815736,739135.9268800641,1524.9244173908542,5,25.973667581184266,30.907582418815736,737611.0024626732,740660.8512974549
b16384,Batch 16384,70,28.4453125,2.4790331721762016,740650.1203649847,1439.2046827085853,5,25.9662793278238,30.9243456721762,739210.9156822761,742089.3250476933
b16384,Batch 16384,71,28.753125,2.0287881716217937,738339.7955232546,671.8850642824794,5,26.724336828378206,30.781913171621795,737667.9104589721,739011.680587537
b16384,Batch 16384,72,27.9578125,1.7114518347918821,728226.3305703931,790.759358312843,5,26.246360665208115,29.669264334791883,727435.5712120803,729017.089928706
b16384,Batch 16384,73,28.059375,2.686712275544685,741095.6313234835,1497.5462167076998,5,25.372662724455314,30.746087275544685,739598.0851067759,742593.1775401912
b16384,Batch 16384,74,28.1984375,2.034082160183064,740606.9670910502,1189.5199431390283,5,26.164355339816936,30.232519660183065,739417.4471479112,741796.4870341893
b16384,Batch 16384,75,28.7515625,2.309850678344815,738556.6251669644,771.878853689267,5,26.441711821655183,31.061413178344814,737784.7463132751,739328.5040206537
b16384,Batch 16384,76,28.559375,3.175900309115118,728151.7329658839,1643.1961898629925,5,25.38347469088488,31.735275309115117,726508.5367760209,729794.9291557469
b16384,Batch 16384,77,29.3015625,3.2855388637177922,741330.2183323998,848.4148669389286,5,26.016023636282206,32.58710136371779,740481.8034654609,742178.6331993388
b16384,Batch 16384,78,29.71875,3.6876390333958935,740622.7048826258,1297.4533362683524,5,26.031110966604107,33.4063890333959,739325.2515463575,741920.1582188942
b16384,Batch 16384,79,29.584375,2.9409238689780803,738983.3501753518,934.2481461515308,5,26.64345113102192,32.52529886897808,738049.1020292003,739917.5983215034
b16384,Batch 16384,80,29.4671875,2.2238464794275927,727959.7534484431,1009.204364509506,5,27.24334102057241,31.691033979427594,726950.5490839336,728968.9578129527
b16384,Batch 16384,81,29.5484375,3.185011283339511,740499.6846438865,1722.281431727018,5,26.36342621666049,32.73344878333951,738777.4032121595,742221.9660756135
b16384,Batch 16384,82,28.840625,2.0386679455437315,741794.4233676156,2800.8566053329196,5,26.801957054456267,30.87929294554373,738993.5667622826,744595.2799729485
b16384,Batch 16384,83,29.5015625,2.1034024241244236,740804.3985593992,3520.236307725495,5,27.398160075875573,31.604964924124424,737284.1622516736,744324.6348671247
b16384,Batch 16384,84,29.134375,2.92413181559929,729836.1378240467,3000.3200554573723,5,26.21024318440071,32.05850681559929,726835.8177685892,732836.4578795041
b16384,Batch 16384,85,29.803125,2.177249420498832,741549.1835749471,2788.094509203942,5,27.62587557950117,31.980374420498833,738761.0890657431,744337.278084151
b16384,Batch 16384,86,29.5359375,2.4038827641442917,742430.9585094949,2757.58655852496,5,27.132054735855707,31.93982026414429,739673.3719509699,745188.5450680199
b16384,Batch 16384,87,28.6453125,1.8511345760776012,738990.3358896706,1193.9085294974377,5,26.794177923922398,30.4964470760776,737796.4273601732,740184.2444191681
b16384,Batch 16384,88,29.825,2.235760060220014,728096.2700260032,1372.6526331410175,5,27.589239939779986,32.06076006022001,726723.6173928622,729468.9226591443
b16384,Batch 16384,89,30.034375,3.2727441837374793,739891.549445017,788.9735176821185,5,26.76163081626252,33.30711918373748,739102.5759273348,740680.5229626992
b16384,Batch 16384,90,30.21875,3.1295435719526257,740980.9154726486,1489.5803959118232,5,27.089206428047376,33.348293571952624,739491.3350767368,742470.4958685604
b16384,Batch 16384,91,31.6625,2.9061466715502333,736546.3134043363,2519.72792025171,5,28.75635332844977,34.56864667155023,734026.5854840847,739066.041324588
b16384,Batch 16384,92,31.7421875,2.6661030491618285,727113.511169778,971.7334275041004,5,29.07608445083817,34.408290549161826,726141.7777422739,728085.244597282
b16384,Batch 16384,93,31.35,3.373869168189914,740666.9239117395,1632.7205807246737,5,27.97613083181009,34.723869168189914,739034.2033310148,742299.6444924641
b16384,Batch 16384,94,31.0875,3.2092753453369345,742836.9583900615,3691.088221418667,5,27.878224654663065,34.29677534533693,739145.8701686428,746528.0466114802
b16384,Batch 16384,95,30.465625,2.614009731236669,740503.8230088738,3669.2174791053676,5,27.851615268763332,33.079634731236666,736834.6055297685,744173.0404879792
b16384,Batch 16384,96,30.615625,2.9104069732599256,729394.9699554162,3863.017460853167,5,27.705218026740077,33.526031973259926,725531.952494563,733257.9874162694
b16384,Batch 16384,97,31.5640625,3.658494236448241,742108.2006765413,3375.0286047683207,5,27.905568263551757,35.22255673644824,738733.172071773,745483.2292813096
b16384,Batch 16384,98,31.2921875,3.7863363259802343,741637.841587631,2130.6681165609284,5,27.505851174019767,35.078523825980234,739507.1734710701,743768.5097041919
b16384,Batch 16384,99,31.703125,2.750643568160459,739345.860606237,1120.8368052972046,5,28.95248143183954,34.453768568160456,738225.0238009398,740466.6974115341
b16384,Batch 16384,100,33.1734375,3.578927993958177,728099.069312617,732.9636646156629,5,29.59450950604182,36.75236549395817,727366.1056480013,728832.0329772326
b16384,Batch 16384,101,33.1328125,4.157125142827072,740766.3476500668,859.6373044445802,5,28.97568735717293,37.28993764282707,739906.7103456223,741625.9849545114
b16384,Batch 16384,102,32.4984375,4.088816206281471,742174.3690900377,3594.2605490381734,5,28.40962129371853,36.58725370628147,738580.1085409995,745768.6296390758
b16384,Batch 16384,103,32.121875,4.092943622870952,721907.2977020827,37683.62856875698,5,28.02893137712905,36.21481862287096,684223.6691333257,759590.9262708396
b16384,Batch 16384,104,32.496875,4.474607175495968,709168.725903846,37914.43809896242,5,28.022267824504034,36.97148217549597,671254.2878048836,747083.1640028084
b16384,Batch 16384,105,32.7640625,4.202150212242537,741434.4543934716,4146.046995802009,5,28.561912287757465,36.96621271224254,737288.4073976696,745580.5013892736
b16384,Batch 16384,106,32.6359375,4.178338275222281,742871.1137943214,3712.8895974210877,5,28.457599224777717,36.81427577522228,739158.2241969004,746584.0033917425
b16384,Batch 16384,107,33.7625,4.317983945264561,721841.7648600537,34667.8676652972,5,29.44451605473544,38.08048394526456,687173.8971947564,756509.6325253509
b16384,Batch 16384,108,34.2640625,3.8526237761994753,728244.3116240816,1657.8663308361013,5,30.411438723800526,38.116686276199474,726586.4452932455,729902.1779549177
b16384,Batch 16384,109,35.046875,3.315752383274044,741419.5044531754,2234.372491080624,5,31.731122616725955,38.362627383274045,739185.1319620947,743653.876944256
b16384,Batch 16384,110,35.2796875,3.4781874713617,723268.3347536178,38099.14966677008,5,31.8015000286383,38.7578749713617,685169.1850868476,761367.4844203879
b16384,Batch 16384,111,35.1140625,3.578205512194625,738710.1617637526,1678.7420617679381,5,31.535856987805378,38.69226801219463,737031.4197019846,740388.9038255205
b16384,Batch 16384,112,34.6,3.144677888661651,709016.8869921174,34547.556010849934,5,31.45532211133835,37.744677888661656,674469.3309812675,743564.4430029673
b16384,Batch 16384,113,34.9171875,3.6334915360005313,739816.9379435508,1421.8721106503144,5,31.283695963999467,38.55067903600053,738395.0658329005,741238.810054201
b16384,Batch 16384,114,34.6015625,3.9258508233884792,738232.3412253505,447.323525009533,5,30.67571167661152,38.52741332338848,737785.017700341,738679.6647503601
b16384,Batch 16384,115,35.94375,4.228398688481255,738582.7545516544,2895.5020088954357,5,31.715351311518745,40.17214868848126,735687.2525427591,741478.2565605498
b16384,Batch 16384,116,37.090625,4.185857303729727,727708.8136876065,2833.43349456269,5,32.90476769627028,41.27648230372973,724875.3801930438,730542.2471821691
b16384,Batch 16384,117,37.903125,3.395728446105121,741587.4498787338,2722.9107648136605,5,34.50739655389488,41.29885344610513,738864.5391139202,744310.3606435475
b16384,Batch 16384,118,36.734375,3.64847932256543,741895.1593675645,2792.7899078101646,5,33.08589567743457,40.38285432256543,739102.3694597543,744687.9492753746
b16384,Batch 16384,119,36.578125,3.0680673247787444,738982.8632385463,1954.068961280261,5,33.510057675221255,39.646192324778745,737028.794277266,740936.9321998266
b16384,Batch 16384,120,36.7921875,2.933152534230448,726984.4404653292,909.25404279239,5,33.85903496576955,39.72534003423044,726075.1864225368,727893.6945081216
b16384,Batch 16384,121,36.9,3.3077885125488296,740702.53530944,936.1427603055976,5,33.592211487451166,40.20778851254883,739766.3925491344,741638.6780697455
b16384,Batch 16384,122,36.753125,3.27220703305697,740259.8454601301,616.347828861283,5,33.480917966943025,40.02533203305697,739643.4976312688,740876.1932889915
b16384,Batch 16384,123,35.2453125,4.302296579662425,737881.1354736746,442.18224369684697,5,30.943015920337572,39.54760907966242,737438.9532299777,738323.3177173715
b16384,Batch 16384,124,35.1859375,5.079801165676911,727263.1258133262,749.4409414328145,5,30.10613633432309,40.26573866567691,726513.6848718934,728012.566754759
b32768,Batch 32768,0,3.4015625,0.22199600573546363,199586.85386822105,1396.167546412545,5,3.1795664942645363,3.6235585057354633,198190.6863218085,200983.0214146336
b32768,Batch 32768,1,4.375,0.29043172336626727,430465.685717529,2272.8320681417254,5,4.084568276633733,4.665431723366267,428192.85364938725,432738.5177856707
b32768,Batch 32768,2,4.2234375,0.3757024670533852,587992.5649005584,362.7564527243961,5,3.847735032946615,4.599139967053385,587629.808447834,588355.3213532829
b32768,Batch 32768,3,4.0578125,0.3617988909601576,569594.5336020426,1852.7017238426902,5,3.6960136090398423,4.419611390960157,567741.8318781999,571447.2353258852
b32768,Batch 32768,4,4.0078125,0.22360679774997896,555566.605244628,2152.1623007781673,5,3.784205702250021,4.231419297749979,553414.4429438498,557718.7675454062
b32768,Batch 32768,5,4.0296875,0.3947098914867729,558538.1225462254,1583.380172269226,5,3.6349776085132266,4.424397391486773,556954.7423739563,560121.5027184946
b32768,Batch 32768,6,3.7765625,0.4649218684359771,554899.8244864991,1059.493220322752,5,3.3116406315640226,4.241484368435977,553840.3312661763,555959.3177068218
b32768,Batch 32768,7,3.6921875,0.5328926809170866,550667.680252741,636.6059809682758,5,3.1592948190829135,4.225080180917087,550031.0742717728,551304.2862337092
b32768,Batch 32768,8,3.5328125,0.6262955322768956,544127.8729772207,493.5835465812717,5,2.906516967723104,4.159108032276896,543634.2894306394,544621.456523802
b32768,Batch 32768,9,3.3140625,0.7149765074811899,550926.0515518712,278.4699181302246,5,2.59908599251881,4.02903900748119,550647.581633741,551204.5214700014
b32768,Batch 32768,10,2.621875,0.6457606645944766,551187.3285228303,837.0803462852771,5,1.9761143354055237,3.2676356645944766,550350.248176545,552024.4088691155
b32768,Batch 32768,11,2.3109375,0.233822264899004,550986.398543597,1951.4666454715307,5,2.077115235100996,2.544759764899004,549034.9318981254,552937.8651890685
b32768,Batch 32768,12,1.815625,0.09639498009491987,544176.3190193607,1816.9241602801708,5,1.7192300199050803,1.9120199800949198,542359.3948590806,545993.2431796408
b32768,Batch 32768,13,1.425,0.2968996700276038,552231.0927362868,2244.4554439742155,5,1.1281003299723962,1.721899670027604,549986.6372923126,554475.548180261
b32768,Batch 32768,14,1.6609375,0.5563377739736894,551016.1565959873,789.0820605839434,5,1.1045997260263105,2.2172752739736894,550227.0745354033,551805.2386565713
b32768,Batch 32768,15,2.8171875,0.548849115479382,550011.5393897945,458.83564751416566,5,2.268338384520618,3.3660366154793824,549552.7037422803,550470.3750373087
b32768,Batch 32768,16,4.121875,0.5046318661286661,543693.2937639619,736.6075760999048,5,3.6172431338713342,4.626506866128667,542956.686187862,544429.9013400618
b32768,Batch 32768,17,4.0625,0.8612621325342825,551219.8538699615,430.30484371277385,5,3.2012378674657174,4.923762132534282,550789.5490262486,551650.1587136743
b32768,Batch 32768,18,4.146875,0.8805266313050958,550989.6377940619,356.6305080093639,5,3.2663483686949037,5.0274016313050955,550633.0072860526,551346.2683020713
b32768,Batch 32768,19,4.1515625,0.7607882938932486,550360.1511672209,244.81633981048088,5,3.390774206106751,4.912350793893248,550115.3348274104,550604.9675070314
b32768,Batch 32768,20,4.8984375,1.1522417857431226,543594.4200505876,512.5074242887604,5,3.7461957142568774,6.050679285743122,543081.9126262988,544106.9274748764
b32768,Batch 32768,21,5.54375,1.3116310367487116,551575.4116216575,721.7492216964284,5,4.232118963251288,6.855381036748712,550853.6623999611,552297.160843354
b32768,Batch 32768,22,5.1859375,1.2063107173837926,550953.5570200708,521.8829064557807,5,3.979626782616207,6.392248217383792,550431.6741136151,551475.4399265266
b32768,Batch 32768,23,6.2546875,1.5907646672473275,545761.3536032455,4891.368228210196,5,4.6639228327526725,7.845452167247328,540869.9853750352,550652.7218314557
b32768,Batch 32768,24,5.259375,0.6127988747847861,543878.5617517954,402.9022215929218,5,4.646576125215214,5.872173874784787,543475.6595302024,544281.4639733883
b32768,Batch 32768,25,5.3890625,0.7718243910534313,552298.3956285854,1597.6061333217735,5,4.617238108946569,6.160886891053431,550700.7894952636,553896.0017619071
b32768,Batch 32768,26,7.196875,1.8975879014554242,552807.5944323721,1871.590168912254,5,5.299287098544577,9.094462901455424,550936.0042634599,554679.1846012843
b32768,Batch 32768,27,7.7515625,1.861765794883986,551676.6730237695,1897.1283620285765,5,5.889796705116014,9.613328294883987,549779.5446617409,553573.8013857981
b32768,Batch 32768,28,10.321875,1.7243898943720646,545818.2787876623,1463.7446401106888,5,8.597485105627936,12.046264894372065,544354.5341475516,547282.0234277729
b32768,Batch 32768,29,11.4796875,2.4517044055488215,551230.6932833332,412.7829454169712,5,9.02798309445118,13.931391905548821,550817.9103379162,551643.4762287502
b32768,Batch 32768,30,11.86875,3.729250537348289,551502.0465419923,383.5663612804465,5,8.139499462651711,15.59800053734829,551118.480180712,551885.6129032727
b32768,Batch 32768,31,13.25625,4.3018930925451295,550627.4800463218,683.8450262167463,5,8.95435690745487,17.55814309254513,549943.635020105,551311.3250725385
b32768,Batch 32768,32,13.8859375,4.673133191780971,544622.991509408,1398.4253028095095,5,9.212804308219031,18.55907069178097,543224.5662065985,546021.4168122174
b32768,Batch 32768,33,13.7609375,3.8126716149899402,552074.4813178971,1560.237379860284,5,9.948265885010061,17.573609114989942,550514.2439380368,553634.7186977573
b32768,Batch 32768,34,14.6796875,3.1794437099416464,552061.0180712029,1150.9080555736707,5,11.500243790058354,17.859131209941648,550910.1100156292,553211.9261267766
b32768,Batch 32768,35,15.3125,2.8627882633238877,550175.1224289549,801.6718233642446,5,12.449711736676113,18.17528826332389,549373.4506055907,550976.7942523191
b32768,Batch 32768,36,16.3671875,2.230350396378336,544429.833167999,583.467540472076,5,14.136837103621664,18.597537896378334,543846.365627527,545013.3007084711
b32768,Batch 32768,37,16.3125,2.5682053482806824,551309.4006851577,171.73660233738667,5,13.744294651719319,18.88070534828068,551137.6640828204,551481.1372874951
b32768,Batch 32768,38,16.81875,2.937418549402689,551677.2679299742,471.20879610865603,5,13.881331450597312,19.75616854940269,551206.0591338656,552148.4767260829
b32768,Batch 32768,39,17.3640625,3.366915954827949,550068.7419124204,640.0479740678429,5,13.99714654517205,20.730978454827948,549428.6939383525,550708.7898864882
b32768,Batch 32768,40,17.79375,3.362878260554863,544457.494539344,758.5592279540784,5,14.430871739445136,21.15662826055486,543698.9353113899,545216.0537672981
b32768,Batch 32768,41,19.1625,3.248416080376712,552117.8254934903,1437.3079371583713,5,15.91408391962329,22.410916080376715,550680.5175563319,553555.1334306487
b32768,Batch 32768,42,20.0234375,2.639214675156703,552358.319365157,1722.6068549595564,5,17.3842228248433,22.6626521751567,550635.7125101975,554080.9262201166
b32768,Batch 32768,43,20.4078125,2.163413147161794,550848.7976752471,1529.229073100762,5,18.244399352838204,22.571225647161793,549319.5686021463,552378.0267483478
b32768,Batch 32768,44,20.6140625,1.9928497673714645,544879.1390219817,1555.724780702545,5,18.621212732628535,22.606912267371463,543323.4142412792,546434.8638026842
b32768,Batch 32768,45,20.859375,2.087958407751457,548959.9467755068,3515.7606992232254,5,18.771416592248542,22.947333407751458,545444.1860762836,552475.7074747301
b32768,Batch 32768,46,21.90625,2.307299896524073,550643.1743834355,532.0722519176956,5,19.59895010347593,24.21354989652407,550111.1021315178,551175.2466353532
b32768,Batch 32768,47,22.5703125,2.240670763130987,550457.7606744963,652.935184865181,5,20.329641736869014,24.810983263130986,549804.8254896312,551110.6958593614
b32768,Batch 32768,48,23.1953125,3.375893255634351,544512.0238163844,710.9313892060974,5,19.819419244365648,26.571205755634352,543801.0924271783,545222.9552055905
b32768,Batch 32768,49,23.96875,3.694488214091703,552351.6933015585,1656.1639840912362,5,20.274261785908298,27.663238214091702,550695.5293174672,554007.8572856497
b32768,Batch 32768,50,23.7,2.76212083794998,551647.0500958657,2027.452209220316,5,20.93787916205002,26.46212083794998,549619.5978866455,553674.502305086
b32768,Batch 32768,51,23.934375,2.96532944391302,551355.6727306816,1519.4924708697897,5,20.96904555608698,26.89970444391302,549836.1802598118,552875.1652015514
b32768,Batch 32768,52,24.1015625,2.3094204579423168,545019.5738307994,1016.9972342444876,5,21.792142042057684,26.410982957942316,544002.576596555,546036.5710650439
b32768,Batch 32768,53,24.0015625,2.1409180912490555,551346.1175945109,542.6816222574797,5,21.860644408750943,26.142480591249054,550803.4359722534,551888.7992167684
b32768,Batch 32768,54,24.975,2.9431644189333017,551094.9125246331,477.54150881299637,5,22.0318355810667,27.9181644189333,550617.3710158201,551572.4540334461
b32768,Batch 32768,55,26.11875,3.353626622544242,550152.0863580569,517.1349110770827,5,22.765123377455758,29.47237662254424,549634.9514469798,550669.221269134
b32768,Batch 32768,56,25.5734375,2.8910413551499916,544427.4724278139,283.7252361438584,5,22.68239614485001,28.46447885514999,544143.7471916701,544711.1976639577
b32768,Batch 32768,57,25.4296875,2.178093615268866,551274.5586330658,221.51307752822606,5,23.251593884731133,27.607781115268867,551053.0455555376,551496.071710594
b32768,Batch 32768,58,25.3609375,2.124324341114134,551251.331899443,473.8801020883508,5,23.236613158885866,27.48526184111413,550777.4517973546,551725.2120015313
b32768,Batch 32768,59,25.0578125,2.0748364487502386,549718.7383260888,386.85919341358755,5,22.98297605124976,27.13264894875024,549331.8791326751,550105.5975195024
b32768,Batch 32768,60,25.415625,1.9812869673207363,544898.2886161057,346.9479909858583,5,23.434338032679264,27.396911967320733,544551.3406251199,545245.2366070915
b32768,Batch 32768,61,26.1046875,2.7568301189386877,551184.6993188683,454.99863695589477,5,23.347857381061313,28.861517618938688,550729.7006819125,551639.6979558242
b32768,Batch 32768,62,27.1140625,2.7721568346009935,551392.596936311,472.44085732232355,5,24.341905665399004,29.886219334600995,550920.1560789887,551865.0377936333
b32768,Batch 32768,63,27.971875,3.287525992055044,551294.2331180924,1764.2262053504069,5,24.684349007944956,31.259400992055046,549530.006912742,553058.4593234428
b32768,Batch 32768,64,27.8890625,3.5229520868513102,545763.3872524467,1778.7236409815962,5,24.36611041314869,31.412014586851313,543984.6636114651,547542.1108934283
b32768,Batch 32768,65,27.5390625,2.751127254758493,552772.0290229052,1716.7951415309801,5,24.787935245241506,30.290189754758494,551055.2338813741,554488.8241644362
b32768,Batch 32768,66,26.778125,2.704865768966179,553307.9287980677,1330.4652136403352,5,24.07325923103382,29.48299076896618,551977.4635844274,554638.3940117081
b32768,Batch 32768,67,26.946875,3.2749321617496907,550205.9311013164,1271.0729094721169,5,23.67194283825031,30.221807161749688,548934.8581918442,551477.0040107885
b32768,Batch 32768,68,27.8328125,3.4514652402548545,543095.3918659559,784.7310673347866,5,24.381347259745144,31.284277740254854,542310.6607986211,543880.1229332907
b32768,Batch 32768,69,28.3359375,3.0596487045594793,551199.8850314135,399.82541433962,5,25.27628879544052,31.39558620455948,550800.0596170739,551599.7104457532
b32768,Batch 32768,70,28.009375,2.9047812148679975,551866.151980678,1714.9988316570123,5,25.104593785132,30.914156214867997,550151.153149021,553581.150812335
b32768,Batch 32768,71,27.99375,3.780641092501707,551201.9136537799,1922.3272809837044,5,24.21310890749829,31.774391092501705,549279.5863727962,553124.2409347636
b32768,Batch 32768,72,27.0921875,2.928486837301817,545045.3321216013,1320.3544219776768,5,24.163700662698183,30.02067433730182,543724.9776996237,546365.686543579
b32768,Batch 32768,73,27.4890625,3.165058099535852,552077.8166731829,977.9208135694158,5,24.324004400464148,30.65412059953585,551099.8958596134,553055.7374867523
b32768,Batch 32768,74,27.9671875,3.64639898885702,551785.995323269,788.642356350122,5,24.320788511142982,31.61358648885702,550997.352966919,552574.6376796191
b32768,Batch 32768,75,28.046875,3.5892975135289356,550350.650589515,616.7193968706932,5,24.457577486471063,31.636172513528937,549733.9311926443,550967.3699863857
b32768,Batch 32768,76,28.85625,4.379006535983647,544341.372011944,111.10497519943206,5,24.477243464016354,33.235256535983645,544230.2670367445,544452.4769871434
b32768,Batch 32768,77,29.3109375,3.9779678877066114,551066.1643558082,613.1138345894644,5,25.33296961229339,33.28890538770661,550453.0505212187,551679.2781903977
b32768,Batch 32768,78,29.4890625,3.793486785555935,551738.2694395807,480.26063020619296,5,25.695575714444065,33.28254928555594,551258.0088093745,552218.5300697869
b32768,Batch 32768,79,29.753125,4.479724831986056,550691.637960563,1211.858967635817,5,25.273400168013943,34.23284983198606,549479.7789929272,551903.4969281987
b32768,Batch 32768,80,29.0984375,3.7085192778756055,525240.1142669062,23392.92721910234,5,25.389918222124393,32.806956777875605,501847.18704780383,548633.0414860086
b32768,Batch 32768,81,29.2484375,3.685120392156476,550618.7363087175,1373.2664086983575,5,25.563317107843524,32.93355789215648,549245.4699000191,551992.0027174159
b32768,Batch 32768,82,29.9421875,3.5623170183270467,552366.0388818345,1433.0215045895627,5,26.379870481672953,33.504504518327046,550933.0173772449,553799.0603864241
b32768,Batch 32768,83,30.9234375,4.777373837292828,550249.057009574,687.1065129016399,5,26.14606366270717,35.700811337292826,549561.9504966724,550936.1635224756
b32768,Batch 32768,84,30.328125,5.103998987466837,544115.7777087565,728.614747991901,5,25.224126012533162,35.43212398746684,543387.1629607646,544844.3924567484
b32768,Batch 32768,85,30.7546875,5.363948030747735,551752.400638965,297.94503067866725,5,25.390739469252264,36.11863553074773,551454.4556082863,552050.3456696436
b32768,Batch 32768,86,31.1125,5.798585916653516,551303.8035225476,295.88614003028,5,25.313914083346486,36.91108591665352,551007.9173825174,551599.6896625778
b32768,Batch 32768,87,30.5953125,5.584706813729123,550814.2346802962,2284.1829099108895,5,25.010605686270875,36.18001931372912,548530.0517703852,553098.4175902071
b32768,Batch 32768,88,30.6265625,5.30809192118505,544631.2274954047,1588.3590449753033,5,25.31847057881495,35.93465442118505,543042.8684504294,546219.5865403799
b32768,Batch 32768,89,31.44375,5.489136999565597,552176.5659659725,1915.0569553923153,5,25.954613000434406,36.932886999565596,550261.5090105801,554091.6229213648
b32768,Batch 32768,90,32.690625,5.48060456219818,551977.6984864904,1431.1218702368237,5,27.210020437801816,38.17122956219818,550546.5766162536,553408.8203567272
b32768,Batch 32768,91,32.075,4.71486957584062,548946.7746228412,375.6870453601351,5,27.360130424159383,36.789869575840626,548571.087577481,549322.4616682013
b32768,Batch 32768,92,31.3890625,4.7891259681765,544333.6120887164,633.194871362869,5,26.599936531823502,36.1781884681765,543700.4172173535,544966.8069600792
b32768,Batch 32768,93,32.1828125,4.916543739635599,551540.3168037299,256.66701353456205,5,27.266268760364397,37.0993562396356,551283.6497901953,551796.9838172644
b32768,Batch 32768,94,32.8078125,4.554060580782551,551757.4123395848,911.5475366189887,5,28.253751919217446,37.361873080782544,550845.8648029658,552668.9598762038
b32768,Batch 32768,95,32.8609375,4.5350345187151,550240.6346772129,369.89363319319364,5,28.325902981284898,37.3959720187151,549870.7410440197,550610.5283104061
b32768,Batch 32768,96,31.6171875,4.430716646322579,534425.9871732163,19887.417679864033,5,27.18647085367742,36.04790414632258,514538.56949335226,554313.4048530803
b32768,Batch 32768,97,31.38125,4.394616735279653,542425.2273956517,18094.20906113847,5,26.986633264720346,35.775866735279656,524331.0183345133,560519.4364567902
b32768,Batch 32768,98,31.3609375,4.632229885372432,551290.4422633264,698.6413213267203,5,26.728707614627567,35.99316738537243,550591.8009419997,551989.0835846531
b32768,Batch 32768,99,33.3015625,4.130765383830217,540562.0540979677,19631.41210998778,5,29.170797116169787,37.43232788383022,520930.6419879799,560193.4662079555
b32768,Batch 32768,100,32.3359375,4.910803519887301,544122.7640024733,1421.0744414901667,5,27.425133980112697,37.2467410198873,542701.6895609832,545543.8384439634
b32768,Batch 32768,101,33.3734375,5.149741157026729,551528.358797569,1052.824738797894,5,28.223696342973273,38.52317865702673,550475.5340587711,552581.1835363668
b32768,Batch 32768,102,33.4078125,4.328867828854041,552340.6131381952,1960.6296111949741,5,29.07894467114596,37.73668032885404,550379.9835270003,554301.2427493902
b32768,Batch 32768,103,34.4671875,4.925465951943024,551798.1939635535,1794.2848219714213,5,29.541721548056977,39.392653451943026,550003.9091415821,553592.478785525
b32768,Batch 32768,104,34.925,5.519776677576051,544829.7234745796,1811.735926565545,5,29.405223322423947,40.444776677576044,543017.987548014,546641.4594011452
b32768,Batch 32768,105,34.571875,5.857854802794706,551322.6579673009,816.1690590201547,5,28.714020197205294,40.429729802794704,550506.4889082807,552138.827026321
b32768,Batch 32768,106,34.5390625,6.194237572257179,551518.020860152,362.48208019096586,5,28.34482492774282,40.73330007225718,551155.5387799611,551880.5029403429
b32768,Batch 32768,107,35.0765625,6.341885886829131,550367.3180359534,878.8488751067613,5,28.73467661317087,41.418448386829134,549488.4691608467,551246.1669110602
b32768,Batch 32768,108,36.3609375,7.0493264167356795,545480.8796468362,1141.6640430108425,5,29.311611083264317,43.41026391673568,544339.2156038254,546622.543689847
b32768,Batch 32768,109,35.4078125,6.771737639931312,551791.9023046474,1839.7957062340217,5,28.636074860068685,42.17955013993131,549952.1065984133,553631.6980108814
b32768,Batch 32768,110,35.4984375,6.585536946597445,551522.9177706909,1704.2859799350792,5,28.912900553402558,42.083974446597445,549818.6317907558,553227.203750626
b32768,Batch 32768,111,36.378125,8.015260408374921,549743.5089142619,1128.424597953839,5,28.362864591625076,44.39338540837492,548615.0843163081,550871.9335122157
b32768,Batch 32768,112,35.1390625,7.402546212600601,543628.9711048666,636.6707538560069,5,27.7365162873994,42.541608712600606,542992.3003510106,544265.6418587225
b32768,Batch 32768,113,35.0109375,7.382501812245799,550287.5265291414,719.732128430333,5,27.628435687754198,42.393439312245796,549567.794400711,551007.2586575717
b32768,Batch 32768,114,34.446875,7.098483071337319,551120.5788183599,1082.8314061856715,5,27.34839192866268,41.54535807133732,550037.7474121742,552203.4102245455
b32768,Batch 32768,115,34.5640625,7.467326943404012,550220.8345040546,595.9095095705401,5,27.096735556595988,42.03138944340401,549624.924994484,550816.7440136252
b32768,Batch 32768,116,33.609375,6.221676054704833,544295.8390825253,430.4362911460387,5,27.387698945295167,39.83105105470483,543865.4027913793,544726.2753736714
b32768,Batch 32768,117,34.5890625,5.4734635936431975,551571.8614953492,970.7411176308766,5,29.1155989063568,40.06252609364319,550601.1203777184,552542.6026129801
b32768,Batch 32768,118,35.0671875,6.292351818378403,552259.8991138755,1931.5231346475596,5,28.7748356816216,41.35953931837841,550328.375979228,554191.422248523
b32768,Batch 32768,119,35.3953125,5.937599916922451,551035.8377521739,1702.6732432265046,5,29.45771258307755,41.332912416922454,549333.1645089474,552738.5109954004
b32768,Batch 32768,120,34.059375,4.7613931005339705,544924.4180163483,1535.399301014794,5,29.29798189946603,38.820768100533975,543389.0187153334,546459.8173173631
b32768,Batch 32768,121,33.0171875,4.753137841041168,551517.129820645,634.8495550586644,5,28.264049658958832,37.770325341041165,550882.2802655863,552151.9793757036
b32768,Batch 32768,122,34.053125,5.116464405017639,551402.8422016862,911.3406240083074,5,28.936660594982364,39.16958940501764,550491.5015776779,552314.1828256946
b32768,Batch 32768,123,34.43125,4.687771867116083,550275.3133003663,621.1846243743107,5,29.743478132883915,39.11902186711608,549654.128675992,550896.4979247405
b32768,Batch 32768,124,35.2375,4.128175860776767,544727.4994681444,1341.7327899128761,5,31.10932413922323,39.36567586077676,543385.7666782315,546069.2322580572
b8192,Batch 8192,0,3.484375,0.22926726011905843,198597.28590098102,1403.5145736609618,5,3.2551077398809416,3.7136422601190584,197193.77132732005,200000.800474642
b8192,Batch 8192,1,4.184375,0.20720658848719073,400392.429216935,4567.970294033523,5,3.9771684115128094,4.391581588487191,395824.4589229015,404960.39951096853
b8192,Batch 8192,2,4.159375,0.157928484606166,891674.4706585847,1654.123801571173,5,4.001446515393834,4.317303484606166,890020.3468570135,893328.5944601559
b8192,Batch 8192,3,4.253125,0.39145536742711806,882875.6716710208,1860.1404257516976,5,3.8616696325728816,4.6445803674271176,881015.5312452691,884735.8120967725
b8192,Batch 8192,4,4.3640625,0.48018856159585893,860785.120784845,1026.7033362484283,5,3.8838739384041414,4.844251061595859,859758.4174485966,861811.8241210934
b8192,Batch 8192,5,4.0109375,0.7274205283053262,874372.4239005221,1695.7958007244017,5,3.2835169716946737,4.738358028305326,872676.6280997976,876068.2197012465
b8192,Batch 8192,6,3.60625,0.548715652398854,870400.8939569148,1237.4959825473893,5,3.057534347601146,4.154965652398854,869163.3979743674,871638.3899394622
b8192,Batch 8192,7,3.6875,0.558514526724686,865895.6340375937,2252.3646517221823,5,3.128985473275314,4.246014526724686,863643.2693858716,868147.9986893159
b8192,Batch 8192,8,3.4140625,0.4254765251309407,851107.2692901213,1739.5507735677238,5,2.9885859748690593,3.8395390251309407,849367.7185165535,852846.820063689
b8192,Batch 8192,9,3.0328125,0.40478702926662563,868317.2893449558,1549.9400287954788,5,2.628025470733374,3.4375995292666257,866767.3493161603,869867.2293737513
b8192,Batch 8192,10,2.5453125,0.3343311887186118,868714.1829501111,1709.4149916039646,5,2.2109813112813885,2.8796436887186116,867004.7679585072,870423.597941715
b8192,Batch 8192,11,2.1578125,0.1291687667840024,867749.8613534756,4799.742068479723,5,2.0286437332159974,2.2869812667840024,862950.1192849958,872549.6034219554
b8192,Batch 8192,12,1.746875,0.13482845003002888,852548.1135358087,3308.2819462112866,5,1.612046549969971,1.881703450030029,849239.8315895975,855856.39548202
b8192,Batch 8192,13,1.4046875,0.29763061733464186,871123.20035992,4586.172687453449,5,1.1070568826653582,1.702318117334642,866537.0276724666,875709.3730473735
b8192,Batch 8192,14,1.5484375,0.4262332749651299,870740.40095396,3659.9731864778573,5,1.12220422503487,1.9746707749651298,867080.4277674821,874400.3741404379
b8192,Batch 8192,15,3.175,0.4982292864485186,867670.9966025429,4262.729462512867,5,2.6767707135514813,3.6732292864485183,863408.26714003,871933.7260650558
b8192,Batch 8192,16,4.8796875,0.9048156752897244,851857.9900495068,1150.769377934484,5,3.974871824710276,5.784503175289725,850707.2206715723,853008.7594274413
b8192,Batch 8192,17,4.925,1.048466607271066,869088.9536037596,1786.8469945707614,5,3.876533392728934,5.973466607271066,867302.1066091888,870875.8005983304
b8192,Batch 8192,18,3.759375,0.8437847215078026,868924.3879246073,1931.76184608517,5,2.915590278492197,4.603159721507803,866992.6260785221,870856.1497706925
b8192,Batch 8192,19,4.3046875,0.6637959023675877,866426.474534376,1056.4212670237969,5,3.6408915976324123,4.968483402367587,865370.0532673522,867482.8958013997
b8192,Batch 8192,20,5.4453125,1.1752139931465673,852369.3397514729,818.7581242968394,5,4.270098506853433,6.620526493146567,851550.5816271761,853188.0978757697
b8192,Batch 8192,21,5.9125,1.0112815778444202,867765.1345125211,1125.5115754095552,5,4.90121842215558,6.923781577844419,866639.6229371115,868890.6460879307
b8192,Batch 8192,22,5.7796875,0.5834718957456306,869225.479508856,787.4736657242014,5,5.196215604254369,6.3631593957456305,868438.0058431318,870012.9531745801
b8192,Batch 8192,23,6.3578125,0.838604099642674,860158.7916359395,8056.919428411741,5,5.519208400357326,7.196416599642673,852101.8722075277,868215.7110643513
b8192,Batch 8192,24,6.6390625,1.053400835538163,849551.4056452072,4736.568198318518,5,5.585661664461837,7.692463335538163,844814.8374468887,854287.9738435256
b8192,Batch 8192,25,7.4109375,1.2064442848718708,870656.2902146617,3970.140273390803,5,6.20449321512813,8.61738178487187,866686.1499412709,874626.4304880525
b8192,Batch 8192,26,8.26875,3.0206063133086376,869809.4942174309,3974.6531169767536,5,5.248143686691363,11.289356313308637,865834.8411004542,873784.1473344077
b8192,Batch 8192,27,8.84375,3.8105111359484964,866978.1501473688,3190.5560754939142,5,5.033238864051503,12.654261135948497,863787.5940718749,870168.7062228627
b8192,Batch 8192,28,8.5015625,2.929207877406877,853465.7526425465,4264.438130177768,5,5.5723546225931235,11.430770377406876,849201.3145123688,857730.1907727243
b8192,Batch 8192,29,9.5046875,1.8956583309796362,870597.6925520438,2694.8100426134592,5,7.6090291690203635,11.400345830979635,867902.8825094304,873292.5025946572
b8192,Batch 8192,30,11.028125,0.9451200733901486,871093.1697397484,5695.086110068578,5,10.083004926609851,11.973245073390148,865398.0836296797,876788.255849817
b8192,Batch 8192,31,12.1,0.5159894545312917,868125.6548613876,5013.60907655309,5,11.584010545468708,12.615989454531292,863112.0457848344,873139.2639379407
b8192,Batch 8192,32,13.0875,1.083843529701128,853221.3972831095,4939.1881102824755,5,12.003656470298873,14.171343529701128,848282.209172827,858160.585393392
b8192,Batch 8192,33,14.103125,1.5072610714471464,871400.7381779309,5157.581900681533,5,12.595863928552854,15.610386071447147,866243.1562772495,876558.3200786124
b8192,Batch 8192,34,15.1203125,1.5492138253199588,871043.4512568538,4859.281132077782,5,13.571098674680043,16.66952632531996,866184.170124776,875902.7323889316
b8192,Batch 8192,35,16.0859375,1.5733917259975343,867481.7654488332,386.695483978167,5,14.512545774002465,17.659329225997535,867095.0699648551,867868.4609328114
b8192,Batch 8192,36,16.7203125,1.6446928735899298,854368.4025620051,3708.771225233351,5,15.075619626410068,18.365005373589927,850659.6313367718,858077.1737872384
b8192,Batch 8192,37,17.1890625,1.7587837594485571,870352.1710778307,5282.440512232334,5,15.430278740551442,18.947846259448557,865069.7305655984,875634.6115900631
b8192,Batch 8192,38,17.915625,2.4545000127317174,870472.3176614074,4822.092169842168,5,15.461124987268281,20.370125012731716,865650.2254915652,875294.4098312496
b8192,Batch 8192,39,18.1796875,2.452557657324288,869039.5063673062,3396.4535668608946,5,15.727129842675712,20.632245157324288,865643.0528004454,872435.9599341671
b8192,Batch 8192,40,19.3828125,2.342077528272175,853538.5636160845,5268.134466856184,5,17.040734971727826,21.724890028272174,848270.4291492284,858806.6980829407
b8192,Batch 8192,41,19.2671875,2.494703373524596,871102.8077559853,3375.374729460502,5,16.7724841264754,21.761890873524596,867727.4330265248,874478.1824854458
b8192,Batch 8192,42,19.95625,2.680334743262024,868973.5699918974,1164.2127059742465,5,17.275915256737978,22.636584743262024,867809.3572859232,870137.7826978717
b8192,Batch 8192,43,20.5609375,2.347213066529645,867317.4656175608,731.2963030296618,5,18.213724433470357,22.908150566529645,866586.1693145311,868048.7619205904
b8192,Batch 8192,44,20.234375,2.336849215891453,851417.6975466518,1218.7685040731965,5,17.897525784108545,22.571224215891455,850198.9290425787,852636.466050725
b8192,Batch 8192,45,20.340625,2.032671377691805,868495.8752051588,1948.9940559366166,5,18.307953622308194,22.373296377691805,866546.8811492223,870444.8692610954
b8192,Batch 8192,46,20.7609375,2.214325473973395,869207.381101094,1503.071238033587,5,18.546612026026605,22.975262973973397,867704.3098630604,870710.4523391275
b8192,Batch 8192,47,21.4078125,2.717525766034703,864061.9260971093,1568.1836879519738,5,18.690286733965294,24.125338266034703,862493.7424091573,865630.1097850613
b8192,Batch 8192,48,22.43125,2.6076453848491363,850200.0175364021,859.8795498669588,5,19.823604615150863,25.038895384849134,849340.1379865351,851059.8970862691
b8192,Batch 8192,49,23.1125,3.0666529558400475,870036.0952699572,1473.0785763545182,5,20.045847044159952,26.17915295584005,868563.0166936027,871509.1738463118
b8192,Batch 8192,50,23.8265625,2.8133956907090054,871213.1105893214,4717.125503516885,5,21.013166809290997,26.639958190709006,866495.9850858045,875930.2360928382
b8192,Batch 8192,51,23.8328125,3.0626976977005094,867412.2752794733,5034.237931103727,5,20.77011480229949,26.89551019770051,862378.0373483696,872446.513210577
b8192,Batch 8192,52,23.878125,2.9793830960137533,854331.1460812077,4196.866780983428,5,20.89874190398625,26.857508096013753,850134.2793002243,858528.0128621911
b8192,Batch 8192,53,24.33125,2.5787622318541703,870641.5189068981,4227.710208880999,5,21.75248776814583,26.91001223185417,866413.8086980172,874869.229115779
b8192,Batch 8192,54,23.8296875,2.0992604724640533,871302.2438652484,5256.018635680667,5,21.730427027535946,25.92894797246405,866046.2252295677,876558.2625009291
b8192,Batch 8192,55,23.99375,1.793865686600449,866654.8045670058,3252.687163639317,5,22.19988431339955,25.787615686600446,863402.1174033665,869907.4917306452
b8192,Batch 8192,56,24.396875,2.0850999020580527,851026.1275337528,1088.3990029544009,5,22.311775097941947,26.481974902058056,849937.7285307985,852114.5265367072
b8192,Batch 8192,57,25.4421875,2.4957952922114828,869466.9951697985,924.6253289317974,5,22.946392207788517,27.937982792211482,868542.3698408667,870391.6204987303
b8192,Batch 8192,58,25.2,3.3987898524235796,869107.8978942421,1399.5275390573784,5,21.80121014757642,28.59878985242358,867708.3703551847,870507.4254332995
b8192,Batch 8192,59,24.6546875,3.4969448161037655,866536.7189523617,1899.0424983292587,5,21.157742683896235,28.15163231610377,864637.6764540324,868435.761450691
b8192,Batch 8192,60,24.4359375,3.2492276726554574,850416.7623441394,769.7914882029379,5,21.186709827344544,27.68516517265546,849646.9708559364,851186.5538323424
b8192,Batch 8192,61,24.721875,3.435768740171186,868544.1195598298,1741.9360432973474,5,21.286106259828813,28.15764374017119,866802.1835165325,870286.0556031271
b8192,Batch 8192,62,25.3453125,3.0732488344482456,869593.7648742221,893.4978451353724,5,22.27206366555175,28.418561334448246,868700.2670290867,870487.2627193575
b8192,Batch 8192,63,25.5078125,3.154779979451816,865671.7914588859,741.9269655594751,5,22.353032520548183,28.662592479451817,864929.8644933264,866413.7184244454
b8192,Batch 8192,64,26.378125,3.5596671851101473,852133.2254240634,1068.4699119234772,5,22.818457814889854,29.937792185110148,851064.7555121399,853201.6953359869
b8192,Batch 8192,65,26.459375,3.959864561288681,869453.3725409996,1922.190661578087,5,22.49951043871132,30.419239561288684,867531.1818794215,871375.5632025776
b8192,Batch 8192,66,25.071875,3.5869446434256553,869170.61650878,2138.0657147375205,5,21.484930356574342,28.658819643425655,867032.5507940425,871308.6822235176
b8192,Batch 8192,67,25.134375,3.298249861432196,866403.7516669657,803.6545740744157,5,21.8361251385678,28.432624861432195,865600.0970928912,867207.4062410401
b8192,Batch 8192,68,25.5921875,3.8611818897764323,851986.9539684097,1343.510899107873,5,21.73100561022357,29.453369389776434,850643.4430693018,853330.4648675176
b8192,Batch 8192,69,25.96875,3.813758117207029,868787.1489632705,1092.661031794507,5,22.15499188279297,29.78250811720703,867694.487931476,869879.809995065
b8192,Batch 8192,70,26.5984375,3.8121625106771746,867613.8260409875,1832.0510649384275,5,22.786274989322823,30.410600010677175,865781.7749760491,869445.8771059259
b8192,Batch 8192,71,26.2984375,4.086994664863779,866930.9689636424,4366.220100477355,5,22.211442835136218,30.38543216486378,862564.748863165,871297.1890641197
b8192,Batch 8192,72,25.840625,3.1718003377912205,853896.9426402102,4632.149341095339,5,22.668824662208777,29.01242533779122,849264.7932991148,858529.0919813055
b8192,Batch 8192,73,26.6234375,3.2151428513656275,870847.746029305,3660.3344152226464,5,23.408294648634374,29.83858035136563,867187.4116140824,874508.0804445277
b8192,Batch 8192,74,25.99375,3.109808386882542,872512.0453321307,3062.8908955761244,5,22.883941613117457,29.10355838688254,869449.1544365546,875574.9362277068
b8192,Batch 8192,75,25.978125,3.536919536077616,868219.5980468888,3387.3180038485216,5,22.441205463922383,29.515044536077614,864832.2800430403,871606.9160507374
b8192,Batch 8192,76,26.5984375,3.1877588742916236,851640.0840230573,1983.8440415527823,5,23.410678625708375,29.786196374291624,849656.2399815045,853623.92806461
b8192,Batch 8192,77,26.7625,3.0151173471670223,870012.8340378876,1326.5305052999715,5,23.747382652832975,29.777617347167023,868686.3035325877,871339.3645431875
b8192,Batch 8192,78,27.0171875,3.262163236929599,869821.2017062705,1447.6413456081905,5,23.7550242630704,30.279350736929597,868373.5603606623,871268.8430518786
b8192,Batch 8192,79,27.2984375,3.5047554189807593,866476.0489652685,1684.9041317624324,5,23.793682081019238,30.80319291898076,864791.1448335061,868160.953097031
b8192,Batch 8192,80,27.903125,3.9399781388194275,852294.867492944,1339.0594222785573,5,23.963146861180572,31.843103138819426,850955.8080706655,853633.9269152225
b8192,Batch 8192,81,28.5015625,3.2577484256288884,869684.1818636579,1149.852825454228,5,25.24381407437111,31.75931092562889,868534.3290382037,870834.0346891121
b8192,Batch 8192,82,28.2609375,3.3687318819086065,868714.3246860855,1912.943943850463,5,24.892205618091396,31.629669381908606,866801.380742235,870627.2686299359
b8192,Batch 8192,83,28.2421875,3.637310723168286,866951.0640021568,1404.4749756709386,5,24.604876776831713,31.879498223168287,865546.5890264859,868355.5389778278
b8192,Batch 8192,84,28.6328125,3.4044684274402517,852978.135988698,3345.3681494273796,5,25.22834407255975,32.03728092744025,849632.7678392706,856323.5041381253
b8192,Batch 8192,85,28.9359375,4.146945058752587,871385.1894167643,2930.030336831088,5,24.788992441247416,33.08288255875259,868455.1590799332,874315.2197535954
b8192,Batch 8192,86,29.465625,4.579147710000192,870282.4218017731,3768.4293736453087,5,24.886477289999807,34.04477271000019,866513.9924281278,874050.8511754185
b8192,Batch 8192,87,29.2296875,4.5716613928226355,869338.1169564485,3796.485903046636,5,24.658026107177363,33.80134889282264,865541.6310534019,873134.6028594952
b8192,Batch 8192,88,28.5390625,4.665947849680438,854512.5542214116,3074.5474693048222,5,23.87311465031956,33.205010349680435,851438.0067521067,857587.1016907165
b8192,Batch 8192,89,28.95625,4.203812095326396,870414.8659512146,3955.294717870663,5,24.752437904673606,33.160062095326396,866459.5712333439,874370.1606690852
b8192,Batch 8192,90,28.890625,3.333131504306423,872786.2671320703,4482.044731753687,5,25.557493495693578,32.22375650430642,868304.2224003166,877268.3118638239
b8192,Batch 8192,91,29.74375,4.06450191059741,868187.1060812592,5729.1616809540155,5,25.679248089402588,33.808251910597406,862457.9444003052,873916.2677622132
b8192,Batch 8192,92,30.340625,3.086895025496899,853662.1966815114,4995.817275417356,5,27.253729974503102,33.4275200254969,848666.379406094,858658.0139569287
b8192,Batch 8192,93,31.1515625,2.6026231884269184,871890.366364204,4065.5319205106007,5,28.548939311573083,33.75418568842692,867824.8344436934,875955.8982847146
b8192,Batch 8192,94,31.4859375,2.73653664556132,869074.5706748631,4069.406582350356,5,28.74940085443868,34.22247414556132,865005.1640925127,873143.9772572134
b8192,Batch 8192,95,31.6828125,3.809180163188006,866451.177330566,2137.962384711332,5,27.873632336811994,35.49199266318801,864313.2149458546,868589.1397152774
b8192,Batch 8192,96,32.3859375,3.734298508630838,854308.6671203915,3535.5430181144106,5,28.65163899136916,36.12023600863083,850773.1241022771,857844.2101385059
b8192,Batch 8192,97,32.6625,4.002301583932675,870664.1536805953,3946.687709080209,5,28.660198416067328,36.66480158393268,866717.4659715152,874610.8413896755
b8192,Batch 8192,98,32.921875,4.958871370930839,871190.2296633061,4145.977717396871,5,27.96300362906916,37.88074637093084,867044.2519459092,875336.2073807031
b8192,Batch 8192,99,32.1203125,4.054988849591636,868941.9652566385,4530.433926282874,5,28.06532365040836,36.175301349591635,864411.5313303556,873472.3991829214
b8192,Batch 8192,100,32.1140625,4.223823916377492,854252.1632215816,3235.031487259715,5,27.890238583622512,36.33788641637749,851017.1317343219,857487.1947088413
b8192,Batch 8192,101,31.7234375,4.456502556833385,871966.3297306508,3196.0459147968368,5,27.266934943166614,36.17994005683339,868770.2838158539,875162.3756454476
b8192,Batch 8192,102,31.003125,4.615056350380513,869914.1214545699,856.6564731345313,5,26.388068649619488,35.61818135038051,869057.4649814353,870770.7779277044
b8192,Batch 8192,103,31.4484375,5.267332345605554,867338.7470732933,1545.0532504467035,5,26.181105154394448,36.71576984560556,865793.6938228466,868883.80032374
b8192,Batch 8192,104,32.234375,4.86973373405826,851772.7791422475,1533.1424098010984,5,27.364641265941742,37.10410873405826,850239.6367324464,853305.9215520486
b8192,Batch 8192,105,32.4375,4.414249166407012,869060.1761906868,1329.2598266005364,5,28.02325083359299,36.85174916640701,867730.9163640862,870389.4360172873
b8192,Batch 8192,106,32.7765625,5.284139834359277,869677.381040928,1890.158938184993,5,27.49242266564072,38.06070233435928,867787.222102743,871567.5399791129
b8192,Batch 8192,107,33.4015625,6.586749468037136,866708.8647895589,1145.1790314454895,5,26.81481303196286,39.98831196803713,865563.6857581134,867854.0438210045
b8192,Batch 8192,108,34.6,6.356879885210983,852187.1675379595,830.4731884894793,5,28.24312011478902,40.95687988521098,851356.6943494701,853017.640726449
b8192,Batch 8192,109,35.35625,4.957708348653893,871406.0246645678,3148.3420304048504,5,30.39854165134611,40.3139583486539,868257.682634163,874554.3666949726
b8192,Batch 8192,110,34.8,5.179668881942407,871536.2405631948,5509.500553155582,5,29.620331118057592,39.9796688819424,866026.7400100393,877045.7411163504
b8192,Batch 8192,111,35.6015625,4.845397905164755,867280.9137660742,4689.76781999423,5,30.756164594835244,40.44696040516475,862591.14594608,871970.6815860685
b8192,Batch 8192,112,35.209375,4.048287639545886,853876.905122412,4410.168277756145,5,31.161087360454115,39.257662639545885,849466.7368446558,858287.0734001682
b8192,Batch 8192,113,35.2734375,3.421268496479047,871812.2408225682,5216.322064825582,5,31.852169003520952,38.694705996479044,866595.9187577426,877028.5628873938
b8192,Batch 8192,114,34.978125,3.040616167767234,870651.0402224822,3959.3883860268725,5,31.937508832232766,38.01874116776723,866691.6518364553,874610.428608509
b8192,Batch 8192,115,34.609375,3.888154963917655,867658.931007914,2963.066902188662,5,30.721220036082343,38.49752996391766,864695.8641057253,870621.9979101027
b8192,Batch 8192,116,35.5359375,4.553580751040878,851679.3052347595,1435.2760086690948,5,30.982356748959127,40.08951825104088,850244.0292260904,853114.5812434285
b8192,Batch 8192,117,35.7515625,5.260189145244683,867216.9159951775,1510.1668707958127,5,30.491373354755314,41.01175164524468,865706.7491243817,868727.0828659732
b8192,Batch 8192,118,35.846875,4.37337190688575,868717.8013267989,1567.486086259106,5,31.473503093114246,40.22024690688575,867150.3152405397,870285.287413058
b8192,Batch 8192,119,35.8,4.847172681864398,866700.5486371374,1097.7280131805128,5,30.952827318135597,40.6471726818644,865602.8206239569,867798.276650318
b8192,Batch 8192,120,36.5984375,5.2401334929024,852495.3760864052,1243.978434196338,5,31.3583040070976,41.838570992902405,851251.3976522089,853739.3545206016
b8192,Batch 8192,121,36.7265625,4.0291752170497,868345.6763689726,923.8191523678165,5,32.6973872829503,40.7557377170497,867421.8572166049,869269.4955213404
b8192,Batch 8192,122,35.61875,3.916042101687302,870003.0763710315,1529.3009517955531,5,31.702707898312696,39.5347921016873,868473.7754192359,871532.377322827
b8192,Batch 8192,123,36.2015625,3.0668432212537375,867091.1108553482,1764.6562501175026,5,33.13471927874626,39.26840572125374,865326.4546052307,868855.7671054656
b8192,Batch 8192,124,36.7046875,3.944015566533999,859836.5728855397,1831.0823782076684,5,32.760671933466,40.648703066534,858005.490507332,861667.6552637474
control,Control 65536,0,3.4015625,0.22199600573546363,198646.81577164773,1278.7755779169402,5,3.1795664942645363,3.6235585057354633,197368.0401937308,199925.59134956467
control,Control 65536,1,4.375,0.29043172336626727,425615.36448797735,5568.020950921669,5,4.084568276633733,4.665431723366267,420047.34353705565,431183.38543889904
control,Control 65536,2,4.1109375,0.3021084759651738,1077294.6676431536,7073.464705360405,5,3.8088290240348264,4.413045975965174,1070221.2029377932,1084368.132348514
control,Control 65536,3,4.18125,0.4832244399603563,1084188.9354367913,7244.445477703315,5,3.698025560039644,4.664474439960356,1076944.489959088,1091433.3809144946
control,Control 65536,4,4.021875,0.17033400093639553,367741.91569241777,1023.1085680948017,5,3.8515409990636043,4.192209000936395,366718.807124323,368765.02426051255
control,Control 65536,5,3.9390625,0.2585642449179701,348997.0473408217,541.1484547229197,5,3.6804982550820298,4.19762674491797,348455.89888609876,349538.19579554466
control,Control 65536,6,3.953125,0.44707709591020206,346432.44966142613,324.0831279145854,5,3.506047904089798,4.400202095910202,346108.36653351155,346756.5327893407
control,Control 65536,7,3.8375,0.32869741737272595,344313.99242835486,285.554063127201,5,3.5088025826272737,4.166197417372726,344028.43836522766,344599.54649148206
control,Control 65536,8,3.815625,0.6706311160019344,341368.26709284546,193.92024490226285,5,3.1449938839980653,4.486256116001934,341174.3468479432,341562.1873377477
control,Control 65536,9,3.6046875,0.712088697073616,343916.67610630055,240.218061013018,5,2.8925988029263836,4.316776197073616,343676.4580452875,344156.8941673136
control,Control 65536,10,3.6,0.8247040188758632,344167.15043187584,596.3918161788202,5,2.775295981124137,4.424704018875863,343570.75861569704,344763.54224805464
control,Control 65536,11,3.41875,1.09085106897665,343980.60741297697,612.8164961235427,5,2.32789893102335,4.50960106897665,343367.7909168534,344593.42390910053
control,Control 65536,12,3.0796875,1.4044206851714696,341476.4807832711,616.4501577264192,5,1.6752668148285303,4.484108185171469,340860.03062554466,342092.9309409975
control,Control 65536,13,2.1203125,0.688575153623408,343976.76943908125,319.4382452533867,5,1.431737346376592,2.8088876536234078,343657.33119382785,344296.20768433466
control,Control 65536,14,1.59375,0.3688625357941627,344170.3254479466,622.636488829206,5,1.2248874642058372,1.9626125357941628,343547.6889591174,344792.9619367758
control,Control 65536,15,1.384375,0.5439968907884493,343789.3708277239,375.3424695388577,5,0.8403781092115507,1.928371890788449,343414.028358185,344164.71329726273
control,Control 65536,16,2.2890625,0.7026560936457464,341565.82487426244,437.1714250869928,5,1.5864064063542536,2.9917185936457464,341128.6534491755,342002.9962993494
control,Control 65536,17,3.55,0.44564406516019034,344508.3173806858,377.7760979360773,5,3.1043559348398095,3.99564406516019,344130.54128274973,344886.0934786219
control,Control 65536,18,4.8453125,1.0829534089412618,344857.6857925649,652.1503761899744,5,3.7623590910587383,5.928265908941262,344205.5354163749,345509.83616875485
control,Control 65536,19,4.6015625,1.0420832500333166,344304.989285535,810.0607585691366,5,3.5594792499666834,5.643645750033317,343494.92852696584,345115.05004410417
control,Control 65536,20,4.671875,1.212453687904202,341264.10388666,320.80608131055243,5,3.459421312095798,5.884328687904202,340943.29780534946,341584.90996797057
control,Control 65536,21,4.003125,0.9652987919874862,344149.9689160042,484.735905799303,5,3.037826208012514,4.968423791987486,343665.23301020486,344634.7048218035
control,Control 65536,22,4.6578125,0.8427424539857951,343562.13946919015,753.5466799088509,5,3.8150700460142053,5.500554953985795,342808.5927892813,344315.686149099
control,Control 65536,23,5.171875,0.2764786242867611,343523.9304768698,431.6764419089306,5,4.895396375713239,5.448353624286761,343092.2540349609,343955.60691877874
control,Control 65536,24,6.215625,1.1107451925678093,341486.53685420856,414.42376306380055,5,5.104879807432191,7.3263701925678095,341072.11309114477,341900.96061727236
control,Control 65536,25,6.4640625,1.538063603508483,344010.38193378143,206.8165858740825,5,4.925998896491517,8.002126103508482,343803.56534790737,344217.1985196555
control,Control 65536,26,6.7015625,2.668159880598893,344131.8031712748,240.58709243472327,5,4.033402619401107,9.369722380598892,343891.2160788401,344372.3902637095
control,Control 65536,27,6.4203125,2.463995619732815,344060.3872553089,745.6051543304096,5,3.9563168802671846,8.884308119732815,343314.7821009785,344805.99240963935
control,Control 65536,28,7.6890625,2.4307217453104335,341790.37935867,1036.5717847451765,5,5.258340754689566,10.119784245310434,340753.8075739248,342826.9511434152
control,Control 65536,29,7.9265625,3.0248062954509995,344336.86104421166,423.06837673519675,5,4.901756204549001,10.951368795451,343913.79266747646,344759.92942094686
control,Control 65536,30,9.65625,2.7599606541579536,344298.02103493,318.34240560012034,5,6.896289345842046,12.416210654157954,343979.6786293299,344616.36344053014
control,Control 65536,31,11.2796875,1.8354247954322456,343715.75464287365,456.35935358764647,5,9.444262704567754,13.115112295432246,343259.395289286,344172.1139964613
control,Control 65536,32,12.375,2.9627735896875413,341523.5363763761,288.5477926277041,5,9.412226410312458,15.337773589687542,341234.9885837484,341812.0841690038
control,Control 65536,33,13.2109375,2.689506881497982,344122.87971755594,229.79930900119533,5,10.521430618502018,15.900444381497982,343893.08040855476,344352.67902655713
control,Control 65536,34,13.3984375,1.6762209868853808,344427.760629007,526.3581846631434,5,11.722216513114619,15.074658486885381,343901.40244434384,344954.1188136702
control,Control 65536,35,14.33125,2.205852699708777,344079.77096670703,651.5453988215735,5,12.125397300291224,16.53710269970878,343428.22556788544,344731.3163655286
control,Control 65536,36,14.8546875,1.7198902467708512,341400.6636519682,474.51754554735936,5,13.134797253229149,16.574577746770853,340926.14610642084,341875.1811975155
control,Control 65536,37,14.5640625,1.8955475688933527,344340.0185086425,368.5224457955816,5,12.668514931106648,16.459610068893355,343971.4960628469,344708.5409544381
control,Control 65536,38,14.9359375,1.5513776010170766,344315.28881935094,358.84452904088175,5,13.384559898982923,16.487315101017074,343956.4442903101,344674.1333483918
control,Control 65536,39,15.2953125,1.7311935911387841,343880.36470561073,252.00158192118056,5,13.564118908861216,17.026506091138785,343628.36312368955,344132.3662875319
control,Control 65536,40,16.5703125,1.957663476970059,341483.18609706097,386.1363205297619,5,14.612649023029942,18.52797597697006,341097.04977653123,341869.3224175907
control,Control 65536,41,17.2453125,1.9204745914096337,344415.72970361775,640.0694296041879,5,15.324837908590368,19.165787091409634,343775.6602740136,345055.7991332219
control,Control 65536,42,17.8015625,1.9064139273777876,344957.81236740167,917.4251364644261,5,15.895148572622212,19.707976427377787,344040.38723093725,345875.2375038661
control,Control 65536,43,18.615625,1.6471032811423818,344240.8811569576,793.7297044673203,5,16.96852171885762,20.262728281142383,343447.15145249024,345034.61086142494
control,Control 65536,44,19.1671875,1.8091671944571626,341007.5445807263,481.6370761092265,5,17.358020305542837,20.976354694457164,340525.90750461706,341489.18165683554
control,Control 65536,45,19.9515625,2.7459549440381394,343905.7975755277,506.2067426103788,5,17.205607555961862,22.69751744403814,343399.5908329173,344412.00431813806
control,Control 65536,46,20.8859375,2.6955076922075367,344297.4693538897,265.5183513944048,5,18.190429807792462,23.58144519220754,344031.9510024953,344562.9877052841
control,Control 65536,47,20.9953125,2.4701074195391786,344126.1563607472,643.5825250917709,5,18.52520508046082,23.46541991953918,343482.5738356554,344769.73888583895
control,Control 65536,48,22.4046875,2.4675699315698227,341712.17095191416,472.6943181223024,5,19.93711756843018,24.872257431569825,341239.47663379187,342184.86527003645
control,Control 65536,49,23.284375,2.919302845126299,344143.19744021416,304.00030738141993,5,20.3650721548737,26.2036778451263,343839.1971328327,344447.1977475956
control,Control 65536,50,23.5015625,2.2836748670591223,344166.26700178743,431.49153835647,5,21.217887632940876,25.78523736705912,343734.77546343097,344597.7585401439
control,Control 65536,51,23.028125,1.410839732216243,344206.52521483955,960.398117781302,5,21.617285267783757,24.43896473221624,343246.1270970582,345166.9233326209
control,Control 65536,52,23.584375,1.6794323934182347,341698.0649579667,644.5140293880909,5,21.904942606581766,25.263807393418237,341053.5509285786,342342.57898735476
control,Control 65536,53,23.940625,2.2885616986302773,344462.5310413259,595.905796645095,5,21.652063301369722,26.22918669863028,343866.6252446808,345058.436837971
control,Control 65536,54,23.859375,2.1982048339923876,344426.7757924782,331.3891820279734,5,21.66117016600761,26.05757983399239,344095.3866104502,344758.16497450613
control,Control 65536,55,24.44375,1.9676485013843301,343709.9626362358,168.24162413808838,5,22.47610149861567,26.411398501384333,343541.7210120977,343878.2042603739
control,Control 65536,56,24.8390625,1.9887476429904323,341278.0600513681,415.62906963626745,5,22.850314857009568,26.827810142990433,340862.4309817318,341693.68912100437
control,Control 65536,57,25.4328125,1.545308550298289,344311.35685671633,407.93082516934635,5,23.88750394970171,26.97812105029829,343903.42603154696,344719.2876818857
control,Control 65536,58,25.55625,1.124624503306548,344519.8052706007,355.55595768494686,5,24.43162549669345,26.680874503306548,344164.2493129158,344875.36122828565
control,Control 65536,59,25.7171875,1.6271275135380447,341011.58053016383,5950.442705562283,5,24.090059986461956,27.344315013538047,335061.13782460155,346962.0232357261
control,Control 65536,60,25.5640625,1.5646188758168873,338416.31856651214,6261.827736001344,5,23.99944362418311,27.128681375816885,332154.4908305108,344678.1463025135
control,Control 65536,61,25.865625,1.0022728077973582,339958.41551611683,8483.623865694039,5,24.863352192202644,26.86789780779736,331474.7916504228,348442.0393818109
control,Control 65536,62,25.7984375,1.3541151833162124,341505.14296452614,5388.54233676373,5,24.444322316683785,27.152552683316213,336116.6006277624,346893.6853012899
control,Control 65536,63,26.1234375,1.2050248798002057,343625.1379866677,258.6059768482727,5,24.918412620199796,27.328462379800207,343366.5320098194,343883.74396351597
control,Control 65536,64,25.75,1.4838814969110572,338179.8602896214,5761.567787213069,5,24.266118503088943,27.233881496911057,332418.2925024083,343941.4280768345
control,Control 65536,65,26.0578125,1.2419329534791723,344239.64943530073,656.2676444994809,5,24.81587954652083,27.299745453479172,343583.38179080124,344895.9170798002
control,Control 65536,66,26.203125,1.3249410364238856,344676.46091285924,859.2688893115,5,24.878183963576113,27.528066036423887,343817.1920235477,345535.72980217077
control,Control 65536,67,26.2265625,1.529167908435009,343817.31732686504,968.3995179848017,5,24.69739459156499,27.75573040843501,342848.9178088802,344785.71684484987
control,Control 65536,68,27.3984375,1.0611089239269924,341321.1318175314,427.36304624822077,5,26.33732857607301,28.45954642392699,340893.7687712832,341748.49486377963
control,Control 65536,69,27.853125,1.8750351559204166,344146.4901131531,385.08652494423876,5,25.978089844079584,29.728160155920413,343761.4035882089,344531.57663809735
control,Control 65536,70,27.353125,1.7000789848379105,344387.985121686,610.2336384942693,5,25.653046015162086,29.05320398483791,343777.75148319174,344998.2187601803
control,Control 65536,71,28.4734375,1.7497949098572954,343987.4085903089,505.4778296798851,5,26.723642590142703,30.223232409857296,343481.930760629,344492.8864199888
control,Control 65536,72,28.4421875,1.1941589613615098,341592.9355831634,218.01203532165084,5,27.24802853863849,29.63634646136151,341374.9235478417,341810.9476184851
control,Control 65536,73,29.2046875,2.639947213309861,344112.5182057517,273.25173378831823,5,26.56474028669014,31.84463471330986,343839.2664719634,344385.76993954007
control,Control 65536,74,28.5,2.0800155873814985,344384.1155038734,382.5030620326484,5,26.4199844126185,30.5800155873815,344001.61244184076,344766.618565906
control,Control 65536,75,28.1578125,1.721981337460572,344130.9385099691,770.4452087472048,5,26.435831162539426,29.87979383746057,343360.49330122187,344901.38371871633
control,Control 65536,76,28.4484375,2.489796560778109,341771.94575552933,820.732736200501,5,25.95864093922189,30.93823406077811,340951.21301932883,342592.67849172984
control,Control 65536,77,28.171875,2.2565821691082957,344239.1438129881,464.7797130325952,5,25.915292830891705,30.428457169108295,343774.36409995554,344703.9235260207
control,Control 65536,78,27.7265625,1.8028636617372096,344243.3306311136,307.78062561844746,5,25.92369883826279,29.52942616173721,343935.55000549514,344551.1112567321
control,Control 65536,79,28.0859375,1.7077274395560025,343803.35821700684,477.2816173093981,5,26.378210060443998,29.793664939556002,343326.07659969747,344280.6398343162
control,Control 65536,80,28.5234375,2.7702248117819788,341254.2025173117,336.36690700115713,5,25.75321268821802,31.29366231178198,340917.83561031055,341590.5694243129
control,Control 65536,81,28.5375,1.5225389978585113,344201.6329080324,318.2189523759457,5,27.01496100214149,30.060038997858513,343883.41395565646,344519.8518604083
control,Control 65536,82,28.428125,0.6830180611630998,344710.5764612133,749.3039931644346,5,27.7451069388369,29.1111430611631,343961.27246804885,345459.88045437774
control,Control 65536,83,28.834375,2.4211511014907767,343876.639935786,677.0868333665072,5,26.413223898509223,31.25552610149078,343199.55310241954,344553.7267691525
control,Control 65536,84,28.29375,2.057223363845064,341408.46619775024,426.2455628008136,5,26.236526636154935,30.350973363845064,340982.22063494945,341834.711760551
control,Control 65536,85,28.38125,1.7003733505468732,344196.8812566941,254.46610457066492,5,26.68087664945313,30.081623350546874,343942.41515212343,344451.34736126475
control,Control 65536,86,29.159375,2.0798899929593637,344104.66837570496,267.2004345503209,5,27.07948500704064,31.239264992959363,343837.46794115467,344371.86881025526
control,Control 65536,87,29.2421875,3.22551246533981,343759.8519503464,424.64981212951403,5,26.01667503466019,32.46769996533981,343335.2021382169,344184.5017624759
control,Control 65536,88,29.640625,2.534854686416955,341267.2018175462,379.16203967023637,5,27.105770313583044,32.175479686416956,340888.039777876,341646.36385721643
control,Control 65536,89,31.3265625,2.582838494273306,343982.6516378003,547.5248564784661,5,28.743724005726694,33.909400994273305,343435.1267813219,344530.17649427877
control,Control 65536,90,31.259375,3.621446938681761,344406.1198645427,943.0949857175929,5,27.637928061318238,34.88082193868176,343463.02487882506,345349.2148502603
control,Control 65536,91,31.1609375,3.0380505223847907,344299.7551555876,616.6795466405409,5,28.12288697761521,34.19898802238479,343683.0756089471,344916.4347022282
control,Control 65536,92,32.1421875,2.2392178723133442,341605.4440646053,348.4458592026534,5,29.902969627686655,34.381405372313345,341256.99820540263,341953.88992380793
control,Control 65536,93,32.6984375,2.762085482192305,344345.6896455152,277.83569619455466,5,29.936352017807693,35.4605229821923,344067.8539493206,344623.5253417097
control,Control 65536,94,32.8609375,3.406427030950098,344549.2327996539,503.149872179562,5,29.4545104690499,36.2673645309501,344046.08292747434,345052.38267183345
control,Control 65536,95,32.5109375,3.776299703827147,344078.44981760334,588.3477713414283,5,28.73463779617285,36.28723720382715,343490.1020462619,344666.7975889448
control,Control 65536,96,31.29375,4.203219678301683,339396.99613931525,3784.409145691557,5,27.090530321698317,35.49696967830168,335612.5869936237,343181.4052850068
control,Control 65536,97,31.96875,3.9039305613861783,342486.5353690636,3604.902307565163,5,28.06481943861382,35.872680561386176,338881.63306149846,346091.43767662876
control,Control 65536,98,32.3734375,4.348197475858531,341016.0570465566,4301.285183041947,5,28.02524002414147,36.721634975858535,336714.7718635147,345317.34222959855
control,Control 65536,99,32.9734375,3.688422156940892,343906.6567694178,1057.8612150304953,5,29.28501534305911,36.6618596569409,342848.7955543873,344964.5179844483
control,Control 65536,100,32.7328125,3.251935271159698,341665.7533346391,869.9498994529196,5,29.480877228840303,35.9847477711597,340795.8034351862,342535.70323409204
control,Control 65536,101,32.3109375,3.2074490630698254,342897.0167175525,2330.2700448967053,5,29.103488436930178,35.518386563069825,340566.7466726558,345227.2867624492
control,Control 65536,102,32.7734375,2.6708057070854103,344220.23149446526,479.25167588105785,5,30.10263179291459,35.44424320708541,343740.9798185842,344699.4831703463
control,Control 65536,103,34.928125,4.04894191907744,343663.16197791515,415.2361585714008,5,30.879183080922562,38.977066919077444,343247.92581934377,344078.39813648653
control,Control 65536,104,33.80625,3.2341915708856055,341408.93193740514,436.1901444838551,5,30.572058429114392,37.040441570885605,340972.74179292127,341845.122081889
control,Control 65536,105,34.296875,1.8597229191300246,344076.98416776035,340.27497621827223,5,32.43715208086998,36.15659791913002,343736.70919154206,344417.25914397865
control,Control 65536,106,34.1453125,3.371611435482298,344394.1974678301,699.7285722506568,5,30.773701064517706,37.5169239354823,343694.46889557946,345093.9260400807
control,Control 65536,107,32.971875,3.511364084565285,344020.6205528985,646.1648128256518,5,29.46051091543471,36.483239084565284,343374.4557400728,344666.7853657242
control,Control 65536,108,33.90625,3.230114948128781,341214.26881931507,431.70596398546525,5,30.67613505187122,37.13636494812878,340782.5628553296,341645.97478330054
control,Control 65536,109,33.3296875,3.304624334502713,344140.60241597326,371.22931696971193,5,30.025063165497286,36.63431183450271,343769.37309900357,344511.83173294296
control,Control 65536,110,33.1765625,3.3186212604502643,344230.4128374174,328.5194268183666,5,29.85794123954974,36.49518376045027,343901.89341059903,344558.93226423574
control,Control 65536,111,33.384375,2.7089775876356934,343518.0687076017,360.60045737474934,5,30.675397412364305,36.09335258763569,343157.4682502269,343878.66916497645
control,Control 65536,112,34.18125,3.364964100616454,341073.186997089,245.237452579881,5,30.816285899383544,37.54621410061645,340827.9495445091,341318.4244496689
control,Control 65536,113,34.5921875,3.2280939918646263,344683.16678134457,778.686485735799,5,31.364093508135376,37.82028149186463,343904.48029560875,345461.8532670804
control,Control 65536,114,35.3296875,2.9551225056564916,344799.3547698786,780.6893756589202,5,32.37456499434351,38.28481000565649,344018.6653942197,345580.04414553754
control,Control 65536,115,35.73125,3.211660122458088,344130.9039042979,458.5293640366725,5,32.51958987754192,38.94291012245809,343672.3745402612,344589.4332683346
control,Control 65536,116,35.728125,2.6872656147792684,341517.69643206464,348.31857450872616,5,33.04085938522073,38.41539061477927,341169.3778575559,341866.01500657335
control,Control 65536,117,35.946875,3.5729848450735138,344242.96227600874,379.8276339126944,5,32.373890154926485,39.51985984507351,343863.13464209606,344622.7899099214
control,Control 65536,118,37.1984375,3.129257256372908,344313.1882014858,449.2275493892702,5,34.06918024362709,40.32769475637291,343863.9606520965,344762.4157508751
control,Control 65536,119,37.4015625,3.6801190697024326,343971.76152750605,554.2651237252265,5,33.72144343029756,41.08168156970243,343417.4964037808,344526.0266512313
control,Control 65536,120,38.0546875,4.9467723457447486,341491.2335881425,448.54033370982455,5,33.10791515425525,43.00145984574475,341042.6932544327,341939.7739218523
control,Control 65536,121,37.7734375,6.177037002707083,344107.07934107573,441.7857331288994,5,31.59640049729292,43.95047450270708,343665.29360794683,344548.86507420463
control,Control 65536,122,38.73125,4.881027423702667,344151.4347769337,177.31756435468324,5,33.850222576297334,43.61227742370267,343974.117212579,344328.7523412884
control,Control 65536,123,37.4609375,3.2952306325771796,343974.19380650454,716.5869311693274,5,34.16570686742282,40.75616813257718,343257.6068753352,344690.78073767386
control,Control 65536,124,37.68125,3.7062862297976253,342082.91304455965,789.8866558908381,5,33.97496377020237,41.387536229797625,341293.0263886688,342872.7997004505
